X,Y,Z
-651,686,-743
-636,715,-727
-653,695,-733
-648,692,-738
-648,692,-743
-646,700,-763
-648,681,-748
-636,712,-743
-653,678,-746
-648,692,-751
-632,702,-748
-648,695,-758
-632,690,-743
-648,688,-731
-641,697,-756
-643,710,-751
-636,702,-751
-641,710,-756
-646,688,-731
-648,690,-768
-641,700,-773
-651,695,-756
-676,673,-756
-638,692,-738
-653,705,-717
-646,692,-748
-648,671,-738
-656,702,-748
-641,697,-756
-643,695,-741
-653,676,-751
-641,692,-771
-638,697,-771
-641,705,-746
-630,717,-720
-641,692,-753
-651,702,-768
-630,700,-756
-653,705,-727
-651,695,-738
-638,695,-753
-653,671,-778
-641,695,-733
-651,688,-736
-646,692,-741
-651,681,-748
-656,695,-743
-643,688,-741
-643,700,-753
-653,702,-756
-638,683,-731
-646,695,-746
-641,707,-758
-632,683,-758
-648,683,-771
-643,697,-763
-636,690,-758
-632,697,-776
-633,688,-746
-643,707,-736
-648,690,-733
-646,676,-727
-646,686,-741
-646,686,-748
-648,683,-753
-651,695,-758
-636,697,-758
-651,692,-748
-653,700,-751
-632,692,-756
-643,690,-741
-648,702,-741
-643,697,-748
-641,695,-756
-643,683,-786
-632,707,-748
-632,688,-741
-646,697,-746
-638,690,-743
-641,697,-751
-646,681,-743
-651,695,-738
-651,678,-746
-653,683,-746
-636,690,-751
-653,692,-743
-648,688,-753
-643,697,-731
-648,686,-753
-648,690,-751
-646,692,-771
-643,712,-731
-653,702,-753
-636,683,-756
-646,705,-781
-648,688,-758
-651,700,-756
-653,681,-738
-646,681,-763
-643,688,-763
-666,686,-758
-648,697,-753
-663,697,-751
-653,686,-753
-656,683,-753
-638,688,-756
-636,690,-761
-656,688,-746
-641,700,-736
-638,692,-738
-638,692,-738
-656,690,-781
-648,683,-746
-656,690,-783
-643,695,-758
-633,712,-761
-663,661,-776
-648,702,-738
-658,688,-738
-636,712,-741
-643,686,-751
-633,688,-766
-653,710,-763
-633,678,-756
-636,695,-748
-651,688,-753
-651,697,-771
-651,697,-766
-638,700,-746
-648,690,-746
-653,695,-756
-646,695,-768
-638,692,-771
-643,697,-771
-661,700,-743
-661,688,-748
-643,690,-763
-661,683,-766
-641,683,-746
-651,702,-756
-643,686,-751
-646,688,-746
-630,705,-733
-646,695,-743
-656,676,-771
-653,695,-743
-651,700,-736
-653,688,-756
-648,690,-756
-653,692,-753
-636,688,-743
-638,688,-758
-633,695,-776
-643,688,-771
-651,688,-751
-648,688,-741
-653,683,-743
-638,688,-758
-636,692,-748
-641,697,-753
-651,688,-751
-651,697,-748
-658,686,-753
-663,692,-748
-658,690,-748
-676,692,-733
-678,690,-731
-693,690,-743
-706,688,-746
-686,695,-751
-701,668,-748
-711,692,-715
-728,686,-733
-726,702,-725
-747,668,-725
-770,676,-715
-785,661,-722
-787,656,-725
-787,627,-725
-790,602,-727
-787,605,-738
-800,633,-727
-805,627,-720
-825,631,-700
-827,638,-692
-858,617,-707
-863,628,-690
-886,643,-657
-916,656,-650
-923,676,-646
-928,681,-631
-933,666,-628
-960,661,-588
-965,676,-578
-982,681,-588
-992,663,-571
-1000,686,-576
-1025,681,-573
-1032,697,-550
-1042,688,-535
-1032,707,-530
-1042,730,-507
-1052,710,-535
-1042,712,-510
-1058,710,-515
-1047,717,-512
-1050,732,-532
-1068,710,-532
-1066,730,-502
-1071,722,-507
-1078,705,-530
-1088,740,-487
-1091,732,-483
-1086,730,-468
-1093,725,-471
-1106,732,-478
-1106,730,-466
-1103,740,-451
-1131,725,-451
-1123,732,-436
-1133,727,-428
-1121,756,-423
-1156,730,-446
-1158,740,-428
-1156,727,-421
-1156,722,-418
-1156,745,-431
-1170,742,-418
-1167,740,-397
-1180,753,-375
-1185,740,-355
-1200,725,-370
-1212,730,-337
-1220,717,-350
-1232,710,-327
-1235,725,-327
-1242,722,-321
-1252,720,-313
-1260,722,-301
-1252,720,-286
-1268,725,-240
-1268,715,-266
-1281,712,-271
-1291,710,-278
-1276,715,-246
-1273,730,-222
-1311,702,-230
-1306,720,-217
-1313,695,-251
-1313,697,-215
-1318,695,-197
-1338,673,-200
-1343,666,-217
-1348,671,-172
-1343,673,-177
-1338,692,-148
-1348,678,-133
-1368,681,-128
-1358,671,-126
-1363,686,-106
-1377,678,-81
-1380,673,-57
-1385,683,-75
-1385,686,-75
-1392,695,-75
-1392,690,-47
-1390,673,-40
-1387,673,-42
-1377,692,-12
-1402,656,-22
-1402,656,0
,,
-1402,668,0
,,
-1402,656,17
-1385,658,35
-1412,671,35
-1417,666,57
-1417,653,101
-1427,646,118
-1450,627,118
-1440,633,123
-1450,646,148
-1440,610,151
-1430,638,148
-1455,628,162
-1440,620,156
-1460,620,170
-1447,612,180
-1455,597,195
-1457,590,185
-1450,595,177
-1475,585,177
-1465,572,200
-1452,585,190
-1455,570,185
-1465,572,205
-1447,582,212
-1470,582,217
-1467,558,235
-1475,567,237
-1478,572,240
-1478,572,235
-1493,548,225
-1470,570,278
-1457,577,293
-1470,585,303
-1440,590,313
-1442,602,325
-1425,617,370
-1422,627,377
-1420,625,385
-1410,625,382
-1422,648,395
-1420,628,397
-1422,625,413
-1405,627,408
-1415,643,413
-1422,643,431
-1422,661,423
-1410,636,426
-1385,668,448
-1397,661,433
-1377,686,446
-1412,658,441
-1363,702,473
-1385,683,487
-1387,671,492
-1377,668,497
-1363,671,525
-1346,702,540
-1348,688,530
-1333,678,560
-1313,688,591
-1348,676,562
-1341,668,603
-1331,697,611
-1326,683,616
-1323,692,618
-1336,702,623
-1326,697,608
-1328,695,641
-1301,690,660
-1313,697,667
-1303,695,660
-1316,697,677
-1303,712,697
-1283,722,682
-1265,697,695
-1298,700,690
-1257,688,725
-1245,683,738
-1250,697,736
-1265,697,725
-1266,697,738
-1276,690,715
-1232,737,751
-1247,720,776
-1222,715,781
-1215,725,806
-1220,725,801
-1242,725,817
-1212,710,825
-1195,710,832
-1217,707,827
-1235,700,820
-1185,715,847
-1153,722,867
-1128,740,893
-1148,722,867
-1136,712,865
-1128,730,882
-1156,727,882
-1143,735,875
-1133,742,893
-1148,725,901
-1170,712,885
-1126,740,893
-1126,745,908
-1106,732,948
-1098,727,951
-1081,737,951
-1056,752,975
-1022,761,995
-1012,750,985
-1015,761,1005
-1002,761,1007
-962,771,1027
-960,737,1022
-950,766,1017
-913,771,1040
-926,763,1040
-921,768,1035
-936,778,1056
-901,771,1042
-898,781,1042
-888,773,1063
-886,796,1071
-866,796,1071
-861,798,1073
-830,815,1071
-817,825,1061
-822,832,1068
-805,827,1081
-840,806,1061
-805,815,1071
-800,808,1076
-805,815,1068
-790,820,1071
-812,822,1068
-800,817,1081
-787,825,1066
-792,827,1071
-792,852,1081
-802,832,1078
-805,811,1058
-800,835,1096
-842,808,1063
-837,822,1056
-853,813,1061
-858,808,1045
-876,815,1035
-903,813,1032
-928,803,1010
-903,788,1050
-873,791,1045
-878,801,1037
-851,788,1056
-853,783,1035
-876,796,1037
-876,803,1047
-858,813,1061
-856,801,1045
-840,811,1071
-863,806,1058
-861,791,1068
-851,786,1076
-830,791,1086
-856,786,1066
-861,793,1073
-853,788,1081
-856,778,1071
-848,791,1078
-851,778,1081
-840,783,1081
-830,776,1083
-840,808,1071
-842,773,1052
-827,793,1068
-843,786,1073
-856,781,1073
-835,801,1073
-835,778,1061
-812,811,1103
-817,791,1093
-835,783,1073
-807,783,1093
-795,778,1098
-792,781,1101
-782,778,1131
-772,776,1133
-750,752,1145
-701,756,1165
-708,763,1150
-683,752,1165
-671,750,1152
-636,756,1200
-653,747,1200
-607,766,1212
-582,750,1205
-565,745,1233
-550,740,1226
-540,737,1236
-501,750,1236
-483,756,1243
-483,756,1238
-456,766,1261
-433,758,1268
-448,756,1273
-428,750,1258
-415,742,1266
-387,742,1268
-362,742,1271
-360,735,1271
-350,737,1271
-332,727,1273
-313,737,1261
-316,753,1276
-325,717,1283
-291,745,1283
-276,730,1276
-271,727,1283
-263,735,1300
-251,725,1300
-241,745,1291
-221,750,1283
-228,732,1276
-205,735,1286
-200,722,1283
-200,737,1300
-165,735,1288
-145,742,1263
-115,753,1296
-122,720,1251
-91,758,1276
-117,727,1253
-58,758,1266
-76,745,1258
-68,732,1248
-43,753,1261
-28,742,1243
-3,756,1243
-1,750,1248
3,758,1256
21,756,1256
33,752,1246
48,763,1241
73,763,1236
101,771,1238
127,778,1241
132,776,1202
140,761,1197
170,761,1180
167,753,1175
177,758,1187
180,753,1185
241,786,1177
218,763,1155
228,766,1175
241,781,1187
228,778,1190
253,773,1160
273,768,1165
281,768,1152
251,771,1137
293,778,1157
316,778,1137
342,781,1126
362,786,1106
372,793,1113
400,783,1093
400,793,1093
428,788,1063
420,783,1045
433,783,1032
433,761,1030
478,796,1050
458,808,1015
478,793,1010
491,788,1002
513,808,1042
508,768,992
527,803,995
530,783,977
540,783,975
562,786,961
567,793,953
582,788,953
585,786,946
595,783,916
590,776,918
602,761,911
612,776,896
622,783,870
646,778,857
658,783,855
676,783,870
673,781,840
683,773,845
671,783,822
701,771,815
728,786,815
728,781,798
723,761,768
742,768,761
760,778,746
765,768,717
770,758,710
795,758,670
790,752,650
820,742,618
797,747,606
843,756,586
861,773,576
858,761,535
856,756,522
863,758,507
861,750,495
866,752,466
898,761,471
888,750,426
901,747,423
913,763,397
896,732,375
906,750,370
898,720,330
908,727,325
881,730,283
908,750,278
923,740,273
923,750,237
928,732,202
926,720,185
941,725,170
936,720,165
918,710,133
933,722,126
928,705,83
913,712,88
918,700,45
921,705,20
911,705,2
906,702,-2
888,695,-25
893,707,-45
898,717,-47
878,697,-81
858,686,-111
835,668,-131
871,686,-141
906,697,-151
861,686,-175
846,683,-202
848,681,-222
871,688,-212
842,690,-246
837,690,-258
820,666,-266
807,681,-296
802,651,-330
797,668,-330
775,676,-335
762,666,-357
767,666,-380
760,661,-345
780,653,-370
797,663,-362
777,643,-377
782,641,-385
723,607,-416
782,627,-408
765,627,-416
767,622,-423
750,602,-428
747,595,-446
740,615,-426
752,600,-433
742,605,-456
736,600,-436
737,605,-443
723,605,-451
747,612,-448
716,610,-451
691,592,-492
698,600,-476
678,610,-481
711,607,-468
726,615,-478
691,605,-502
703,620,-487
688,595,-507
718,610,-487
688,610,-530
678,600,-515
651,592,-547
668,617,-545
641,628,-540
666,658,-550
646,641,-547
597,638,-583
590,641,-608
532,617,-628
557,653,-603
547,651,-628
526,656,-650
501,658,-652
466,653,-670
496,676,-685
458,671,-710
405,663,-733
385,658,-751
375,646,-766
335,638,-778
340,633,-806
316,622,-812
303,625,-812
288,607,-830
273,597,-827
261,595,-845
263,580,-842
228,575,-857
221,556,-862
172,541,-862
223,556,-852
200,553,-867
157,548,-885
157,551,-880
107,548,-877
145,528,-921
140,541,-898
132,506,-923
96,521,-933
93,516,-928
93,506,-941
51,495,-943
36,497,-951
16,492,-951
13,497,-946
-16,495,-943
-31,497,-948
-41,492,-971
-63,485,-971
-51,500,-943
-86,492,-946
-66,485,-946
-88,501,-958
-112,492,-980
-115,495,-956
-140,503,-968
-130,495,-975
-157,506,-961
-182,497,-977
-170,536,-953
-202,511,-968
-190,533,-956
-210,501,-982
-218,533,-977
-251,533,-958
-258,538,-956
-281,553,-968
-316,541,-968
-308,536,-951
-330,548,-948
-330,577,-918
-377,570,-901
-397,553,-951
-392,577,-941
-423,590,-926
-461,610,-903
-473,612,-916
-481,622,-911
-493,636,-918
-518,633,-903
-523,648,-877
-545,658,-875
-557,671,-860
-580,676,-862
-580,697,-842
-622,697,-837
-632,700,-827
-648,692,-803
-633,717,-808
-641,710,-820
-646,725,-783
-663,725,-776
-678,730,-746
-676,722,-798
-681,745,-801
-686,742,-753
-691,740,-773
-701,740,-776
-701,750,-761
-698,730,-788
-716,727,-781
-708,752,-761
-721,727,-786
-742,735,-793
-726,727,-783
-742,710,-786
-745,750,-738
-760,735,-751
-775,725,-727
-750,725,-748
-747,727,-773
-750,725,-768
-760,727,-766
-747,722,-763
-745,720,-768
-747,697,-793
-713,745,-753
-723,720,-786
-728,720,-781
-733,727,-781
-721,717,-766
-755,690,-803
-731,707,-791
-745,692,-783
-755,695,-776
-780,666,-781
-752,690,-768
-775,688,-756
-772,678,-761
-792,681,-751
-765,700,-761
-765,710,-776
-775,700,-751
-790,702,-756
-792,717,-748
-782,735,-758
-765,727,-758
-765,715,-763
-807,710,-768
-797,712,-753
-782,722,-756
-782,707,-746
-800,700,-763
-802,692,-758
-790,697,-758
-810,683,-751
-770,710,-751
-777,722,-738
-772,715,-736
-790,730,-727
-795,725,-707
-772,753,-743
-775,747,-741
-770,730,-743
-772,750,-736
-775,745,-751
-767,742,-731
-762,750,-738
-760,761,-741
-762,771,-748
-767,766,-733
-775,753,-722
-765,771,-725
-767,766,-720
-775,778,-705
-780,783,-702
-775,798,-675
-767,786,-697
-731,806,-712
-723,801,-710
-728,811,-715
-737,796,-677
-686,808,-720
-681,820,-733
-698,796,-725
-658,820,-720
-663,820,-738
-646,803,-725
-638,825,-746
-627,817,-722
-597,827,-733
-597,796,-768
-570,796,-756
-560,801,-756
-550,803,-776
-526,798,-763
-530,786,-776
-523,783,-771
-503,766,-817
-498,776,-820
-473,773,-783
-488,766,-801
-491,752,-820
-501,742,-840
-473,747,-827
-478,745,-827
-451,756,-815
-458,730,-825
-476,727,-835
-458,727,-806
-451,722,-840
-446,722,-827
-448,717,-832
-428,727,-820
-426,715,-822
-417,712,-832
-428,697,-840
-417,717,-835
-415,717,-812
-375,722,-850
-375,707,-862
-357,710,-840
-375,710,-832
-347,707,-850
-337,702,-850
-325,683,-875
-286,705,-852
-278,695,-850
-268,690,-867
-256,695,-860
-278,690,-850
-243,710,-827
-233,705,-837
-228,710,-847
-210,730,-825
-216,676,-880
-175,715,-857
-192,702,-862
-177,705,-847
-167,707,-852
-162,692,-857
-167,700,-867
-165,710,-845
-167,707,-847
-157,695,-865
-160,688,-865
-140,705,-845
-155,676,-872
-110,707,-837
-127,673,-865
-127,678,-862
-81,690,-827
-81,678,-862
-88,668,-842
-73,641,-857
-76,661,-847
-51,678,-860
-68,651,-890
-46,658,-857
-38,673,-855
-46,651,-870
-38,656,-852
-33,653,-865
-48,646,-865
-23,658,-867
-26,653,-862
-18,648,-855
-16,646,-855
-8,633,-852
0,643,-837
0,628,-857
-1,656,-827
0,628,-855
8,628,-860
0,625,-850
-11,612,-865
16,638,-837
11,600,-896
71,612,-862
61,580,-862
91,582,-867
81,575,-870
96,567,-865
88,558,-877
91,565,-867
96,551,-860
107,541,-870
120,561,-855
132,541,-855
130,558,-842
125,538,-837
125,528,-867
140,531,-837
130,503,-901
152,513,-870
140,501,-872
160,500,-870
167,480,-870
182,475,-880
202,465,-852
213,447,-855
211,452,-855
218,447,-870
226,423,-877
243,433,-847
276,431,-847
291,433,-825
281,398,-850
291,403,-806
311,401,-827
286,393,-827
291,372,-835
298,391,-827
313,401,-798
281,347,-887
313,362,-850
301,320,-872
316,335,-847
317,327,-837
342,317,-845
317,313,-847
325,317,-850
342,317,-830
325,288,-857
327,286,-825
322,258,-847
332,276,-837
342,263,-825
332,242,-832
337,247,-812
332,215,-827
325,210,-857
332,192,-852
327,230,-837
360,232,-786
345,205,-850
340,173,-875
340,173,-857
340,168,-855
345,151,-850
360,131,-842
350,120,-842
365,122,-840
372,105,-832
375,77,-835
360,58,-825
410,80,-812
395,53,-806
400,48,-803
385,28,-812
382,33,-798
395,8,-825
375,0,-835
377,-21,-827
400,-11,-801
380,-38,-820
372,-53,-820
372,-62,-817
372,-65,-812
392,-75,-815
380,-77,-827
370,-77,-801
367,-105,-812
362,-125,-791
372,-122,-781
362,-146,-812
385,-146,-771
380,-143,-766
347,-168,-793
335,-163,-806
345,-181,-812
335,-186,-746
332,-215,-830
308,-207,-827
306,-212,-825
303,-210,-822
293,-225,-825
283,-245,-847
306,-235,-837
278,-256,-842
308,-240,-812
278,-261,-820
261,-276,-817
273,-283,-808
261,-286,-825
256,-303,-803
241,-311,-815
241,-306,-793
202,-317,-860
197,-335,-845
218,-340,-827
192,-357,-825
187,-372,-781
192,-365,-820
195,-383,-827
202,-378,-825
182,-406,-837
172,-391,-822
187,-393,-822
187,-396,-812
152,-428,-822
167,-411,-793
155,-428,-812
155,-426,-793
157,-431,-812
140,-418,-820
145,-428,-801
125,-438,-796
120,-462,-796
101,-450,-840
105,-436,-822
96,-455,-835
96,-460,-842
91,-465,-827
76,-465,-835
91,-475,-820
81,-462,-837
88,-462,-840
68,-470,-822
66,-470,-825
13,-503,-857
26,-485,-827
33,-477,-832
18,-472,-835
3,-482,-835
-11,-470,-830
0,-457,-830
,,
-3,-462,-867
-8,-457,-860
0,-445,-832
-21,-457,-885
-28,-445,-882
-23,-436,-880
-18,-431,-877
-31,-423,-893
-3,-416,-882
-23,-411,-880
-21,-421,-877
-26,-426,-870
-26,-436,-882
-13,-457,-847
-31,-455,-857
-31,-452,-855
-33,-467,-855
-41,-470,-847
-46,-462,-842
-46,-465,-887
-86,-477,-906
-91,-452,-882
-61,-455,-877
-61,-462,-827
-83,-457,-890
-88,-462,-913
-98,-482,-908
-98,-450,-896
-112,-462,-898
-140,-462,-875
-165,-447,-865
-197,-465,-903
-223,-457,-913
-251,-455,-913
-268,-472,-893
-268,-445,-896
-293,-462,-903
-286,-438,-875
-322,-423,-928
-316,-433,-872
-357,-421,-936
-362,-416,-948
-365,-408,-941
-382,-406,-916
-420,-413,-941
-410,-398,-921
-426,-403,-951
-433,-388,-941
-443,-372,-921
-463,-381,-946
-471,-372,-913
-473,-372,-931
-501,-355,-943
-493,-347,-918
-526,-345,-936
-518,-345,-926
-508,-357,-908
-521,-322,-961
-511,-313,-953
-513,-335,-943
-518,-342,-918
-518,-315,-946
-532,-306,-948
-523,-298,-933
-557,-313,-948
-575,-311,-951
-572,-315,-928
-560,-298,-926
-577,-308,-938
-580,-296,-926
-592,-306,-931
-610,-313,-911
-620,-313,-926
-612,-298,-921
-625,-313,-931
-625,-288,-923
-632,-291,-893
-641,-266,-958
-676,-271,-951
-651,-245,-943
-671,-250,-936
-678,-245,-951
-666,-253,-943
-693,-256,-951
-691,-245,-936
-688,-258,-928
-686,-237,-933
-718,-237,-908
-698,-237,-906
-718,-232,-918
-726,-242,-906
-726,-230,-928
-728,-217,-880
-736,-227,-911
-728,-220,-918
-716,-190,-936
-733,-183,-928
-731,-200,-890
-728,-168,-946
-708,-168,-953
-737,-156,-948
-750,-161,-941
-747,-141,-941
-740,-141,-948
-752,-117,-928
-755,-92,-938
-760,-133,-928
-765,-107,-938
-765,-107,-903
-790,-107,-943
-742,-65,-903
-790,-72,-913
-810,-77,-911
-815,-62,-877
-787,-43,-923
-810,-43,-921
-827,-36,-913
-853,-51,-908
-881,-61,-847
-863,-33,-921
-878,-36,-913
-876,-23,-901
-891,-3,-890
-908,-11,-885
-923,-6,-860
-955,-8,-850
-957,16,-857
-965,18,-825
-980,23,-832
-985,46,-812
-960,58,-845
-980,70,-830
-957,80,-812
-962,85,-845
-975,85,-801
-952,117,-845
-985,112,-862
-985,115,-852
-997,122,-852
-987,128,-840
-985,131,-837
-975,143,-835
-987,141,-850
-980,146,-817
-987,163,-830
-990,181,-801
-995,205,-788
-985,205,-808
-1002,205,-786
-987,212,-812
-992,215,-773
-1005,217,-788
-1010,227,-850
-997,237,-835
-1000,273,-808
-1000,288,-756
-1000,315,-788
-1007,313,-791
-1015,332,-773
-1020,332,-788
-1035,345,-776
-1012,362,-748
-1027,352,-756
-1042,355,-776
-1032,342,-751
-1050,355,-751
-1053,365,-727
-1068,357,-743
-1056,375,-722
-1047,383,-710
-1052,398,-715
-1071,403,-692
-1058,426,-746
-1030,465,-715
-1040,450,-738
-1042,421,-748
-1066,428,-692
-1045,450,-717
-1042,452,-727
-1047,485,-705
-1042,490,-692
-1040,511,-705
-1035,518,-675
-1037,531,-700
-1012,536,-697
-1007,516,-700
-990,523,-722
-987,506,-720
-965,523,-712
-965,538,-722
-980,523,-715
-952,543,-768
-950,565,-702
-938,546,-766
-943,521,-801
-938,551,-766
-946,548,-771
-948,541,-771
-950,546,-763
-933,556,-743
-918,548,-761
-918,546,-758
-911,536,-773
-901,526,-761
-893,511,-783
-878,528,-771
-888,513,-783
-873,516,-788
-873,516,-778
-876,508,-796
-858,508,-850
-843,506,-842
-848,497,-850
-861,501,-806
-846,485,-842
-835,470,-852
-832,472,-860
-827,455,-850
-817,455,-870
-825,450,-842
-837,421,-852
-797,442,-835
-817,418,-855
-795,401,-872
-795,393,-850
-785,386,-877
-770,370,-872
-777,378,-867
-785,383,-872
-792,393,-852
-777,398,-896
-770,386,-898
-772,372,-918
-777,352,-903
-762,352,-913
-747,355,-916
-755,330,-911
-726,288,-946
-733,251,-928
-708,215,-943
-713,192,-923
-696,161,-966
-688,163,-946
-653,181,-941
-646,161,-953
-633,141,-921
-641,107,-941
-646,87,-956
-615,43,-987
-632,38,-977
-638,53,-958
-656,-3,-985
-633,-13,-982
-636,-38,-977
-651,-62,-948
-653,-95,-951
-638,-77,-928
-671,-110,-946
-627,-95,-923
-658,-131,-936
-661,-146,-928
-666,-148,-901
-673,-171,-918
-671,-183,-916
-683,-187,-890
-681,-210,-887
-681,-205,-880
-671,-247,-903
-658,-273,-911
-643,-271,-901
-668,-276,-887
-668,-251,-847
-678,-311,-870
-673,-315,-872
-651,-330,-880
-668,-337,-862
-671,-352,-860
-671,-355,-837
-658,-372,-852
-673,-372,-860
-661,-365,-827
-661,-403,-827
-656,-393,-798
-661,-423,-808
-668,-426,-793
-676,-438,-788
-658,-467,-793
-658,-480,-778
-661,-513,-791
-638,-528,-786
-636,-570,-781
-646,-570,-756
-656,-612,-733
-673,-597,-682
-683,-656,-692
-676,-661,-672
-691,-633,-655
-686,-681,-650
-681,-673,-628
-676,-727,-586
-681,-752,-547
-691,-786,-487
-693,-822,-487
-708,-817,-473
-698,-813,-468
-688,-811,-446
-701,-891,-416
-683,-911,-372
-718,-903,-365
-698,-931,-318
-711,-941,-291
-711,-965,-301
-718,-947,-283
-716,-952,-271
-745,-952,-258
-716,-952,-220
-703,-950,-187
-716,-957,-170
-718,-975,-146
-716,-965,-131
-731,-952,-116
-708,-990,-77
-742,-1003,-77
-711,-1000,-35
-708,-1011,-10
-671,-1043,42
-686,-1033,47
-696,-1031,72
-706,-1023,118
-731,-1006,131
-708,-1003,170
-718,-1011,200
-733,-1021,195
-742,-987,232
-745,-1000,251
-755,-972,281
-772,-992,291
-736,-982,298
-742,-970,308
-733,-982,330
-731,-990,325
-718,-965,357
-711,-957,380
-708,-957,421
-698,-987,473
-703,-938,461
-718,-945,497
-686,-941,532
-711,-941,550
-696,-888,611
-728,-878,650
-737,-827,687
-731,-825,697
-733,-815,746
-726,-778,763
-733,-756,793
-737,-722,808
-716,-715,825
-731,-715,850
-716,-681,865
-737,-643,893
-737,-627,918
-728,-627,916
-740,-625,923
-731,-627,968
-711,-592,992
-721,-567,966
-718,-551,1005
-706,-531,1027
-708,-506,1042
-701,-482,1056
-686,-462,1081
-678,-438,1071
-671,-433,1086
-668,-401,1103
-651,-360,1116
-658,-337,1137
-632,-332,1152
-671,-345,1140
-633,-288,1157
-641,-268,1172
-638,-245,1180
-651,-235,1192
-651,-227,1210
-622,-207,1231
-625,-190,1205
-632,-178,1223
-673,-187,1185
-661,-161,1195
-643,-166,1197
-651,-156,1218
-656,-138,1212
-661,-148,1210
-661,-128,1195
-658,-117,1218
-661,-107,1218
-673,-87,1215
-671,-65,1218
-651,-38,1212
-678,-28,1223
-673,-11,1236
-651,11,1238
-651,36,1273
-658,36,1243
-663,36,1243
-653,102,1266
-633,122,1293
-653,138,1268
-656,163,1266
-668,200,1251
-663,217,1243
-653,256,1253
-646,245,1246
-653,251,1256
-653,253,1241
-673,256,1223
-636,296,1261
-643,296,1243
-643,317,1238
-641,317,1241
-661,342,1236
-633,401,1271
-632,438,1278
-643,445,1246
-643,470,1207
-632,513,1215
-632,518,1212
-620,543,1218
-602,563,1210
-627,600,1195
-638,607,1185
-630,627,1175
-620,651,1187
-617,625,1190
-617,631,1172
-641,622,1167
-617,638,1175
-607,663,1170
-607,686,1160
-607,692,1165
-617,697,1152
-602,712,1162
-625,712,1162
-607,756,1160
-607,758,1137
-600,742,1126
-605,778,1113
-602,796,1123
-612,801,1111
-610,803,1098
-615,813,1098
-617,822,1078
-620,847,1081
-625,878,1056
-605,893,1050
-612,921,1012
-627,947,992
-627,942,975
-630,990,966
-605,1000,971
-607,1011,958
-622,997,948
-602,1026,948
-585,1046,956
-612,1048,941
-592,1038,941
-590,1051,923
-595,1036,901
-597,1066,906
-592,1077,911
-590,1067,903
-585,1067,898
-595,1095,880
-580,1107,850
-580,1146,817
-565,1176,798
-567,1161,783
-555,1163,778
-572,1171,738
-537,1245,697
-555,1278,631
-565,1283,613
-580,1273,603
-547,1291,560
-527,1306,555
-530,1311,532
-535,1322,530
-540,1322,492
-550,1316,463
-516,1360,468
-530,1342,397
-508,1352,397
-530,1342,362
-518,1355,345
-535,1352,321
-511,1370,301
-518,1367,253
-527,1362,195
-532,1362,182
-526,1383,185
-532,1357,126
-530,1365,101
-570,1355,88
-562,1350,62
-577,1342,35
-587,1337,12
-550,1330,17
-585,1330,-15
-592,1308,-88
-585,1293,-126
-607,1281,-116
-602,1301,-138
-607,1291,-158
-605,1271,-172
-595,1256,-185
-620,1225,-222
-610,1245,-240
-602,1242,-261
-585,1258,-266
-600,1242,-256
-595,1245,-246
-592,1266,-237
-590,1261,-253
-597,1255,-232
-615,1245,-271
-622,1227,-273
-612,1225,-311
-617,1210,-327
-592,1207,-337
-600,1186,-365
-595,1163,-382
-587,1166,-385
-577,1176,-395
-580,1183,-390
-580,1158,-400
-575,1168,-413
-580,1136,-436
-577,1136,-461
-602,1100,-500
-612,1056,-535
-615,1026,-517
-620,987,-601
-636,945,-650
-633,872,-675
-656,837,-705
-668,761,-756
-646,732,-781
-678,661,-812
-673,641,-815
-671,580,-845
-678,516,-840
-696,480,-835
-698,447,-857
-668,433,-872
-698,386,-916
-693,376,-890
-691,370,-898
-701,315,-913
-663,325,-885
-671,296,-911
-678,281,-896
-678,256,-911
-686,250,-908
-691,207,-908
-688,168,-908
-668,187,-908
-691,143,-918
-701,115,-908
-698,87,-916
-688,90,-911
-698,65,-926
-698,65,-918
-728,56,-901
-721,48,-898
-721,65,-893
-708,1,-913
-721,-33,-890
-745,-53,-862
-737,-102,-870
-757,-143,-867
-757,-166,-865
-742,-187,-865
-760,-250,-837
-757,-283,-825
-747,-276,-822
-742,-288,-830
-737,-291,-808
-733,-320,-812
-740,-337,-815
-736,-315,-806
-731,-322,-812
-716,-342,-793
-747,-360,-798
-760,-370,-808
-740,-398,-758
-752,-418,-801
-745,-423,-778
-747,-428,-771
-740,-440,-756
-750,-428,-753
-742,-465,-733
-733,-465,-725
-752,-460,-738
-750,-487,-733
-752,-495,-725
-757,-492,-731
-762,-508,-715
-740,-531,-715
-760,-533,-700
-736,-523,-672
-772,-548,-670
-767,-567,-672
-760,-577,-665
-767,-592,-650
-767,-595,-633
-775,-610,-621
-745,-615,-638
-755,-622,-608
-775,-643,-611
-767,-643,-608
-750,-651,-606
-790,-676,-618
-775,-661,-583
-775,-692,-568
-785,-707,-547
-787,-692,-527
-790,-712,-522
-790,-745,-492
-790,-758,-497
-795,-752,-468
-800,-745,-466
-810,-753,-433
-800,-783,-436
-805,-796,-453
-797,-781,-438
-800,-773,-428
-797,-791,-431
-802,-783,-411
-795,-808,-408
-807,-808,-426
-810,-803,-413
-800,-798,-367
-827,-801,-397
-805,-813,-408
-795,-811,-402
-800,-811,-390
-792,-815,-392
-815,-791,-385
-807,-817,-402
-802,-811,-362
-810,-811,-362
-827,-798,-355
-812,-827,-360
-800,-847,-360
-805,-840,-342
-800,-840,-367
-825,-840,-370
-800,-820,-380
-797,-806,-426
-790,-768,-446
-810,-761,-478
-812,-725,-507
-815,-695,-545
-807,-648,-552
-800,-615,-633
-782,-565,-670
-790,-513,-700
-775,-455,-710
-775,-421,-746
-762,-421,-746
-762,-398,-771
-762,-375,-776
-777,-340,-778
-755,-327,-791
-757,-322,-801
-747,-306,-801
-747,-288,-837
-745,-258,-832
-728,-263,-830
-733,-261,-830
-752,-258,-845
-721,-222,-847
-723,-181,-867
-708,-120,-880
-701,-38,-877
-708,3,-890
,,
-691,53,-913
-696,85,-911
-701,133,-908
-718,197,-890
-681,293,-893
-683,315,-906
-673,350,-882
-696,360,-875
-698,370,-885
-688,421,-862
-696,445,-857
-701,501,-850
-718,523,-832
-713,531,-815
-731,570,-817
-718,612,-791
-716,656,-801
-718,686,-768
-723,715,-748
-726,732,-722
-703,758,-717
-698,766,-712
-713,796,-682
-698,815,-670
-703,845,-665
-693,870,-662
-696,906,-636
-681,933,-613
-678,942,-578
-686,980,-573
-706,980,-568
-701,1018,-522
-691,1028,-510
-698,1053,-487
-693,1043,-456
-688,1077,-426
-686,1100,-421
-683,1141,-387
-683,1148,-332
-683,1153,-286
-686,1178,-273
-668,1192,-261
-653,1207,-261
-651,1225,-251
-683,1220,-237
-653,1268,-156
-673,1261,-156
-673,1242,-162
-658,1278,-128
-656,1261,-131
-678,1255,-133
-668,1278,-88
-656,1278,-75
-641,1298,-45
-656,1303,-15
-648,1301,20
-633,1296,77
-643,1306,91
-648,1313,91
-656,1311,131
-671,1311,185
-683,1293,220
-666,1313,227
-651,1335,258
-648,1337,283
-636,1330,313
-646,1327,362
-633,1316,400
-630,1316,397
-610,1317,441
-622,1303,441
-612,1291,461
-632,1288,490
-620,1298,492
-625,1296,520
-625,1273,542
-620,1252,573
-607,1252,593
-595,1247,616
-582,1252,643
-585,1237,662
-572,1230,700
-547,1232,720
-540,1222,733
-527,1220,741
-542,1205,751
-540,1191,741
-532,1197,771
-542,1197,758
-535,1191,763
-527,1202,786
-530,1186,798
-526,1158,808
-523,1153,822
-511,1151,812
-518,1163,845
-521,1143,840
-535,1112,832
-513,1128,870
-513,1120,845
-506,1136,872
-493,1131,882
-496,1105,890
-466,1105,893
-471,1112,908
-473,1107,911
-466,1102,921
-471,1097,926
-478,1087,916
-493,1058,921
-473,1080,931
-466,1066,938
-476,1066,946
-488,1026,943
-468,1043,971
-486,1036,992
-473,1018,985
-476,995,992
-483,995,997
-501,960,1027
-488,957,1027
-488,955,1047
-503,952,1032
-501,947,1037
-496,928,1032
-513,906,1050
-506,926,1088
-498,903,1073
-527,883,1071
-562,860,1078
-555,847,1088
-526,830,1118
-523,811,1131
-545,771,1137
-545,758,1147
-545,742,1137
-562,745,1133
-537,753,1165
-545,747,1145
-535,740,1147
-555,745,1150
-567,717,1172
-550,702,1167
-567,671,1200
-572,643,1205
-587,590,1182
-565,548,1231
-580,501,1241
-570,470,1268
-582,445,1248
-567,442,1261
-590,386,1238
-580,378,1261
-555,332,1251
-572,313,1263
-562,288,1253
-557,251,1263
-560,230,1283
-557,202,1283
-565,181,1302
-550,171,1291
-560,138,1273
-600,92,1273
-597,67,1256
-585,26,1268
-600,23,1246
-610,6,1243
-630,-28,1223
-615,-38,1226
-622,-105,1241
-622,-117,1202
-622,-126,1182
-627,-161,1180
-627,-202,1175
-625,-217,1175
-622,-271,1155
-612,-291,1157
-620,-357,1131
-627,-388,1123
-597,-433,1088
-592,-457,1068
-565,-482,1061
-592,-523,1027
-582,-538,1000
-587,-585,975
-587,-615,992
-580,-628,951
-592,-628,931
-597,-646,916
-587,-673,906
-585,-695,885
-610,-707,867
-617,-710,835
-620,-730,830
-627,-753,815
-617,-761,781
-615,-783,793
-622,-788,766
-632,-822,738
-632,-822,710
-648,-860,670
-632,-855,690
-633,-865,662
-627,-878,638
-648,-877,626
-633,-878,608
-622,-867,603
-653,-903,573
-646,-878,540
-663,-896,545
-658,-903,540
-658,-911,520
-666,-941,483
-678,-950,466
-686,-941,438
-681,-952,421
-673,-972,382
-681,-972,377
-676,-980,350
-683,-982,335
-708,-987,316
-686,-990,298
-701,-1000,306
-706,-987,283
-706,-982,271
-693,-972,240
-698,-990,225
-723,-982,197
-716,-985,192
-706,-987,156
-728,-995,108
-713,-975,101
-733,-980,93
-726,-980,57
-726,-1000,42
-723,-985,35
-731,-992,5
-733,-977,-25
-731,-980,-45
-728,-982,-35
-747,-960,-67
-787,-945,-103
-762,-957,-116
-762,-952,-133
-765,-941,-141
-767,-938,-167
-765,-901,-162
-752,-921,-167
-755,-921,-195
-765,-923,-215
-772,-918,-230
-760,-903,-246
-752,-906,-253
-745,-903,-271
-731,-906,-278
-718,-893,-291
-736,-881,-301
-713,-862,-311
-737,-883,-342
-736,-906,-350
-737,-867,-390
-731,-825,-380
-733,-822,-436
-716,-822,-446
-716,-811,-463
-723,-798,-476
-713,-766,-502
-718,-752,-512
-731,-747,-545
-726,-705,-560
-740,-692,-573
-745,-683,-621
-731,-668,-628
-733,-638,-646
-733,-612,-672
-726,-607,-682
-736,-622,-715
-736,-553,-710
-750,-531,-685
-760,-553,-725
-740,-506,-710
-755,-485,-738
-737,-442,-727
-740,-433,-748
-742,-438,-758
-745,-447,-796
-726,-406,-798
-721,-367,-768
-755,-360,-806
-755,-345,-801
-740,-313,-812
-757,-293,-832
-747,-273,-845
-757,-250,-842
-785,-250,-832
-775,-222,-855
-762,-222,-855
-737,-232,-893
-752,-126,-855
-765,-105,-865
-765,-80,-882
-772,-95,-901
-770,-58,-877
-772,-58,-867
-760,-18,-875
-760,-1,-893
-780,-13,-913
-762,1,-890
,,
-750,6,-903
,,
-750,8,-896
,,
-760,11,-893
-760,43,-898
-728,75,-903
-733,82,-908
-733,65,-893
-765,61,-921
-745,90,-896
-752,102,-923
-755,125,-901
-757,120,-890
-757,117,-877
-750,112,-908
-760,95,-901
-752,100,-898
-760,82,-893
-757,90,-887
-752,90,-918
-737,95,-885
-740,110,-898
-762,80,-921
-745,95,-908
-733,102,-908
-740,102,-903
-721,120,-928
-703,126,-923
-762,92,-921
-742,126,-896
-736,112,-921
-745,110,-911
-747,110,-903
-728,122,-890
-742,95,-893
-726,105,-913
-726,122,-903
-711,133,-906
-693,156,-893
-708,138,-906
-691,138,-918
-686,125,-946
-686,133,-926
-658,131,-923
-681,115,-936
-646,148,-908
-646,102,-928
-622,110,-958
-622,117,-943
-592,146,-933
-607,133,-933
-602,125,-958
-597,141,-938
-597,158,-951
-570,176,-936
-560,187,-938
-555,181,-953
-540,171,-951
-542,207,-961
-521,222,-953
-511,220,-956
-511,227,-966
-491,251,-968
-473,271,-948
-466,256,-968
-461,286,-982
-448,288,-951
-431,293,-980
-426,311,-980
-405,308,-975
-390,311,-961
-372,320,-946
-330,335,-975
-306,327,-961
-283,322,-980
-241,342,-966
-207,340,-975
-152,330,-971
-110,335,-958
-76,308,-975
-23,308,-971
18,345,-933
36,330,-933
86,345,-936
132,345,-926
190,350,-918
190,367,-887
223,393,-847
281,388,-850
320,398,-822
342,396,-812
380,413,-791
390,416,-781
428,428,-761
453,433,-736
483,436,-720
473,433,-725
521,447,-700
560,465,-672
577,442,-643
602,445,-623
653,447,-608
636,440,-583
653,470,-540
663,465,-537
683,465,-522
752,455,-502
711,477,-471
731,470,-446
757,467,-441
775,472,-423
770,477,-402
787,470,-402
787,495,-377
787,492,-352
795,500,-362
805,497,-362
825,497,-337
830,508,-342
832,500,-332
832,500,-306
822,490,-311
853,503,-291
820,508,-291
837,513,-288
820,495,-271
832,511,-276
846,516,-258
825,513,-288
835,511,-263
830,508,-273
837,506,-263
837,523,-266
840,513,-253
837,518,-266
858,526,-251
863,513,-263
858,523,-261
878,523,-253
858,503,-273
837,528,-261
835,521,-268
856,531,-246
886,536,-237
830,546,-253
832,548,-266
846,548,-246
842,536,-251
832,556,-258
835,556,-253
842,563,-253
837,541,-246
837,546,-253
837,553,-248
856,563,-246
837,572,-253
843,563,-266
858,553,-243
848,565,-256
886,570,-235
837,565,-237
830,580,-237
835,565,-240
842,575,-235
886,567,-227
830,580,-243
830,575,-256
837,585,-240
856,592,-222
832,595,-232
825,590,-235
853,602,-222
832,595,-227
866,602,-202
846,602,-210
866,615,-220
868,622,-182
863,620,-197
881,625,-195
868,627,-177
896,627,-172
843,636,-162
846,628,-156
840,615,-177
866,641,-143
853,622,-146
861,633,-146
830,600,-158
876,638,-116
881,622,-93
878,607,-101
891,622,-86
881,587,-106
888,605,-72
913,602,-75
916,600,-70
938,605,-25
918,605,-35
911,590,-37
891,597,-40
893,605,-15
941,600,0
,,
893,607,-20
906,620,-25
921,605,-35
903,602,-25
913,597,-22
926,595,-20
916,610,-12
893,600,-10
916,602,-20
911,590,-10
936,607,0
,,
938,622,15
921,607,5
938,597,0
923,595,-2
950,587,0
901,587,-22
913,607,-2
911,610,2
916,585,2
970,595,17
903,602,-7
883,595,-20
893,602,-7
911,592,10
911,610,-2
901,600,5
916,595,0
928,610,-2
923,610,7
923,607,0
948,617,12
941,597,15
921,612,20
948,597,17
906,605,20
933,577,27
908,605,25
906,612,5
928,620,20
936,620,25
913,607,20
916,602,20
881,590,0
918,622,12
923,607,35
911,610,17
928,627,20
906,590,10
916,610,12
938,617,22
931,607,25
955,610,47
952,607,55
938,617,37
923,610,30
918,617,65
970,638,81
903,602,30
908,610,17
913,627,50
913,615,25
911,615,50
923,617,55
906,600,35
923,612,37
921,617,25
928,610,22
933,615,20
923,612,25
923,620,25
926,615,-7
911,620,-37
921,610,-40
863,620,-116
848,641,-146
837,631,-195
815,646,-246
861,643,-271
762,628,-330
747,653,-367
701,646,-423
668,651,-433
641,643,-500
595,638,-542
607,641,-552
550,651,-593
523,641,-633
473,636,-665
471,643,-697
415,636,-743
372,631,-746
335,628,-781
271,656,-803
261,643,-830
150,661,-808
93,651,-825
81,686,-835
56,683,-862
-18,666,-867
-31,668,-865
-71,671,-875
-130,653,-887
-172,658,-921
-192,668,-885
-205,668,-882
-236,673,-882
-271,678,-887
-316,666,-906
-340,661,-898
-335,673,-896
-387,663,-896
-471,658,-877
-496,643,-870
-516,681,-877
-496,686,-896
-602,653,-837
-620,651,-817
-658,658,-830
-701,656,-812
-745,646,-803
-770,653,-788
-802,648,-766
-835,656,-736
-842,673,-727
-898,643,-720
-918,641,-705
-960,641,-682
-987,633,-677
-1025,627,-665
-1063,627,-621
-1091,627,-628
-1148,600,-560
-1165,580,-527
-1190,595,-505
-1222,575,-476
-1242,585,-507
-1250,577,-395
-1281,570,-347
-1298,577,-330
-1306,565,-321
-1346,553,-281
-1368,551,-240
-1387,553,-227
-1397,536,-205
-1392,538,-165
-1412,546,-146
-1430,558,-131
-1435,556,-103
-1442,543,-62
-1462,546,-60
-1462,533,-32
-1486,533,-30
-1447,518,55
-1432,516,55
-1460,526,101
-1445,538,118
-1460,526,148
-1442,546,190
-1455,523,207
-1455,508,217
-1467,513,243
-1465,506,266
-1486,511,281
-1476,500,296
-1467,500,325
-1476,492,332
-1476,492,362
-1476,482,365
-1475,487,387
-1481,477,428
-1452,475,436
-1432,495,441
-1498,480,428
-1440,482,466
-1425,477,487
-1422,480,483
-1422,472,500
-1420,480,512
-1422,460,510
-1405,482,540
-1400,470,565
-1400,477,581
-1405,470,606
-1407,485,601
-1397,495,641
-1392,477,650
-1390,467,655
-1390,460,675
-1392,465,677
-1338,445,695
-1293,465,731
-1313,452,733
-1308,467,756
-1370,433,736
-1303,455,761
-1288,457,783
-1276,452,781
-1265,462,806
-1273,452,822
-1268,467,840
-1247,436,837
-1245,452,850
-1260,452,857
-1225,445,875
-1260,436,862
-1235,438,887
-1202,438,916
-1225,455,926
-1205,452,923
-1235,436,938
-1113,433,953
-1126,457,968
-1113,442,966
-1118,433,990
-1096,428,997
-1086,423,1000
-1081,428,1017
-1081,426,1025
-1076,426,1015
-1071,431,1030
-1078,438,1020
-1076,433,1027
-1056,426,1047
-1047,431,1061
-1047,433,1056
-1073,413,1047
-1035,428,1088
-1030,460,1091
-975,445,1108
-965,450,1086
-1017,436,1108
-941,442,1106
-926,445,1103
-913,452,1126
-916,433,1118
-891,442,1123
-896,457,1123
-878,447,1165
-883,438,1150
-886,447,1142
-868,433,1160
-908,423,1157
-878,440,1160
-858,462,1187
-891,445,1190
-876,442,1175
-898,457,1172
-881,431,1182
-835,438,1172
-840,450,1160
-866,440,1160
-926,423,1155
-837,438,1170
-846,440,1152
-840,418,1152
-858,431,1152
-861,423,1155
-866,428,1152
-881,442,1167
-871,423,1167
-888,428,1170
-878,416,1170
-906,401,1172
-881,413,1185
-881,428,1172
-906,413,1175
-886,406,1175
-898,413,1185
-835,403,1160
-830,413,1165
-822,411,1177
-810,426,1180
-820,413,1185
-815,416,1177
-805,418,1202
-797,411,1200
-812,411,1185
-802,403,1200
-807,416,1185
-817,401,1180
-802,411,1210
-815,401,1210
-820,406,1192
-830,411,1212
-846,406,1192
-868,411,1192
-863,423,1172
-908,440,1137
-970,455,1145
-1007,440,1078
-1058,455,1032
-1118,470,963
-1192,485,903
-1266,480,801
-1343,482,702
-1370,487,626
-1420,485,527
-1476,482,408
-1488,460,325
-1516,442,222
-1538,421,141
-1518,423,88
-1516,428,5
-1493,421,-67
-1467,426,-113
-1440,411,-187
-1407,445,-217
-1375,450,-268
-1356,447,-332
-1356,442,-406
-1303,418,-438
-1283,428,-463
-1257,428,-507
-1225,418,-530
-1185,411,-578
-1146,418,-598
-1101,406,-657
-1068,406,-687
-1030,396,-725
-995,393,-748
-970,398,-812
-921,386,-825
-878,398,-827
-832,403,-865
-805,421,-837
-757,428,-908
-740,440,-847
-713,421,-867
-673,416,-901
-638,428,-913
-605,426,-921
-545,440,-918
-521,423,-941
-466,416,-936
-415,423,-971
-382,416,-975
-337,386,-997
-308,401,-975
-268,393,-963
-226,393,-987
-195,375,-975
-137,383,-990
-110,391,-975
-83,401,-926
-68,381,-943
-18,393,-961
56,406,-958
38,423,-931
91,423,-908
130,423,-880
187,436,-885
213,440,-865
296,445,-835
330,452,-812
362,447,-776
428,452,-763
481,460,-733
555,457,-697
592,462,-665
632,447,-628
688,445,-596
698,440,-568
750,440,-535
721,455,-497
731,440,-441
755,440,-418
795,423,-395
843,411,-372
835,416,-347
843,411,-318
871,421,-283
883,411,-253
906,416,-227
941,428,-185
941,411,-162
943,428,-143
970,418,-128
965,403,-93
985,408,-55
982,406,-37
1000,413,-25
992,398,12
,,
955,428,20
,,
1002,403,65
975,408,50
972,413,88
955,388,96
982,406,138
982,388,162
985,381,162
975,375,195
992,365,202
985,375,251
987,378,256
977,360,286
1002,381,306
982,367,327
1007,372,357
990,362,367
985,352,406
970,357,400
933,375,392
926,360,428
957,370,446
995,372,507
926,345,461
948,376,473
936,378,483
938,360,512
933,375,530
941,365,557
916,352,562
913,352,547
913,375,611
916,375,611
906,372,638
896,362,657
896,370,670
888,370,692
883,367,705
878,372,727
842,376,697
861,365,680
842,375,705
846,372,710
832,370,715
843,383,720
837,378,753
820,378,741
840,370,766
815,375,761
820,393,812
795,365,783
805,370,781
810,375,825
790,381,830
790,381,857
797,381,857
767,378,872
757,367,847
740,372,875
755,372,928
733,370,882
731,381,896
745,388,903
723,396,887
713,383,893
736,396,911
716,396,928
711,413,911
701,408,926
703,408,938
703,406,985
686,408,975
676,416,975
688,393,1002
668,418,1000
646,428,1040
646,408,982
648,406,968
633,433,990
620,436,1007
602,418,1030
630,431,1015
625,428,1020
602,423,1017
607,433,1040
592,423,1022
592,418,1040
605,450,1056
585,433,1035
587,455,1068
572,455,1061
560,460,1071
567,497,1091
572,495,1071
565,503,1096
555,523,1091
550,523,1108
527,523,1066
506,521,1061
501,546,1081
493,538,1081
486,570,1073
471,597,1078
473,612,1088
468,605,1061
476,622,1091
476,590,1088
463,587,1123
478,600,1101
473,605,1091
483,600,1106
463,615,1101
468,631,1123
473,625,1116
468,625,1108
473,607,1078
466,615,1081
453,605,1137
458,615,1073
451,607,1068
456,612,1073
456,610,1101
473,625,1071
476,627,1076
483,622,1078
491,631,1058
498,622,1073
498,617,1056
518,620,1081
511,627,1081
516,631,1068
506,631,1076
521,636,1058
545,648,1058
537,633,980
577,627,975
560,631,975
585,638,961
592,627,1015
600,622,938
633,661,966
636,656,953
633,636,928
638,636,923
641,638,948
646,638,931
653,646,928
648,648,931
668,656,916
678,656,936
696,666,906
701,661,901
693,656,906
691,681,877
698,686,916
688,666,880
686,678,860
688,661,867
711,686,862
681,673,860
683,668,870
713,688,898
696,646,845
706,651,875
713,646,870
711,668,911
683,663,893
703,633,890
701,661,908
698,641,896
713,648,916
711,628,890
723,651,825
713,638,820
745,627,801
757,620,830
760,607,812
760,610,815
762,602,801
757,592,815
745,605,822
728,605,832
742,615,825
750,627,832
737,622,830
740,625,835
740,627,845
760,633,827
750,643,808
757,643,812
772,638,796
780,668,786
792,681,695
772,676,700
762,683,705
785,668,727
792,651,756
795,666,736
787,673,720
767,671,741
780,663,748
770,656,746
800,646,763
775,617,738
797,638,768
790,627,793
790,627,768
807,622,786
785,636,758
800,641,736
815,651,731
790,668,680
810,648,743
800,643,722
785,627,748
747,627,748
775,658,817
737,641,820
737,631,862
726,631,916
703,597,903
693,592,958
688,590,948
661,597,963
686,597,971
632,595,966
630,607,1007
610,597,1022
607,620,1068
565,615,1071
511,600,1032
508,610,1063
478,617,1071
478,627,1140
456,625,1108
453,627,1121
438,617,1118
426,633,1133
405,641,1137
360,628,1162
370,648,1160
325,641,1177
320,658,1215
293,656,1192
288,656,1215
261,651,1215
251,656,1228
241,636,1223
241,643,1248
231,648,1263
200,633,1207
165,643,1226
165,648,1243
135,646,1236
101,648,1271
101,661,1271
81,648,1273
51,628,1256
46,663,1300
31,658,1278
1,671,1302
-1,666,1293
-23,676,1300
-66,653,1307
-91,663,1296
-96,666,1302
-120,676,1302
-127,683,1307
-127,690,1268
-140,673,1281
-155,678,1312
-157,705,1286
-147,705,1293
-167,700,1271
-187,690,1291
-187,697,1291
-200,702,1300
-202,686,1312
-210,668,1317
-248,663,1332
-248,656,1312
-256,653,1342
-276,666,1340
-283,668,1305
-293,678,1312
-303,681,1315
-301,710,1330
-303,673,1283
-306,690,1283
-320,656,1291
-311,673,1291
-337,676,1312
-355,666,1310
-377,656,1302
-385,646,1307
-397,656,1315
-421,633,1302
-438,633,1325
-446,628,1310
-453,633,1310
-461,648,1322
-466,631,1296
-466,643,1296
-466,643,1322
-478,625,1302
-481,638,1302
-491,631,1300
-483,627,1310
-491,636,1276
-493,656,1268
-496,636,1276
-526,638,1273
-523,656,1263
-560,653,1283
-567,643,1261
-595,661,1256
-617,666,1261
-636,676,1241
-663,686,1246
-681,692,1231
-693,702,1221
-691,715,1212
-718,705,1202
-750,688,1172
-750,732,1190
-740,727,1167
-765,725,1150
-795,737,1140
-848,730,1133
-815,752,1126
-856,720,1096
-853,761,1101
-906,742,1088
-916,740,1073
-948,742,1068
-957,753,1050
-1002,710,1017
-1000,752,1022
-1040,740,990
-1050,745,975
-1088,745,961
-1121,747,908
-1141,735,887
-1182,725,850
-1210,707,815
-1227,678,781
-1232,712,773
-1225,722,766
-1260,702,717
-1298,700,707
-1298,707,672
-1281,720,652
-1308,705,613
-1333,707,603
-1346,692,560
-1366,686,537
-1390,651,487
-1387,663,492
-1385,661,458
-1407,648,416
-1440,661,382
-1412,661,380
-1432,648,337
-1405,678,350
-1405,668,350
-1415,643,308
-1430,625,288
-1430,595,271
-1450,600,256
-1460,585,230
-1457,561,215
-1472,551,182
-1493,503,136
-1483,487,128
-1460,497,45
-1478,472,15
-1465,455,-47
-1472,428,-57
-1476,436,-103
-1447,421,-131
-1447,398,-205
-1422,381,-248
-1412,383,-301
-1377,362,-325
-1358,332,-372
-1318,315,-426
-1318,288,-471
-1326,273,-487
-1283,253,-507
-1286,245,-520
-1278,222,-560
-1250,212,-581
-1245,186,-641
-1212,202,-633
-1182,195,-631
-1165,197,-680
-1158,200,-690
-1133,197,-700
-1108,230,-707
-1088,256,-715
-1078,227,-766
-1045,222,-776
-1030,225,-781
-1002,207,-778
-995,230,-783
-972,217,-793
-957,190,-812
-928,186,-827
-918,215,-840
-926,217,-840
-921,235,-827
-923,222,-855
-918,232,-837
-918,200,-862
-906,215,-845
-921,187,-857
-881,200,-852
-888,197,-862
-871,181,-872
-876,176,-865
-868,186,-877
-886,197,-830
-886,207,-837
-871,215,-862
-903,215,-867
-886,235,-837
-871,217,-832
-896,200,-870
-908,210,-845
-913,181,-885
-888,210,-850
-913,222,-827
-911,237,-845
-943,207,-842
-948,181,-850
-928,222,-822
-957,192,-822
-975,212,-825
-1005,210,-801
-1020,222,-783
-1050,253,-720
-1091,263,-710
-1131,271,-690
-1141,315,-650
-1151,330,-646
-1197,362,-618
-1242,403,-545
-1265,428,-522
-1265,485,-481
-1281,543,-436
-1281,585,-406
-1303,612,-367
-1296,658,-296
-1343,676,-246
-1346,730,-172
-1341,781,-126
-1331,827,-67
-1296,878,0
,,
-1291,891,65
-1266,936,162
-1265,960,185
-1242,990,298
-1212,995,372
-1215,985,416
-1217,997,473
-1160,1000,535
-1123,1021,596
-1050,1036,680
-990,1038,741
-936,1043,812
-918,1011,877
-873,1013,933
-810,990,975
-752,1003,1007
-693,1008,1032
-676,997,1050
-646,1008,1073
-641,992,1081
-580,990,1071
-530,975,1103
-501,950,1116
-481,957,1131
-407,941,1172
-347,938,1157
-296,923,1187
-213,933,1210
-190,913,1187
-172,878,1195
-98,878,1197
-61,872,1192
-43,867,1202
-1,862,1197
16,867,1187
58,870,1202
96,850,1192
157,827,1167
233,825,1157
276,793,1121
367,783,1103
431,786,1047
506,778,980
555,773,971
587,781,980
646,740,890
691,700,803
760,707,803
775,671,748
807,683,705
840,678,675
868,633,636
891,597,613
913,541,596
936,467,552
972,470,510
985,436,461
977,391,416
990,367,375
987,301,352
1012,242,330
995,173,266
992,141,197
980,136,116
990,107,77
960,105,-5
965,85,-60
952,41,-98
893,-11,-175
901,-28,-210
881,-28,-268
848,-21,-308
842,-23,-345
822,-3,-352
800,-18,-392
785,-28,-416
790,-11,-423
760,-36,-458
703,-6,-522
691,23,-517
683,-1,-557
673,-11,-588
651,26,-591
622,38,-621
605,51,-660
590,70,-650
577,80,-667
577,105,-680
532,85,-710
511,82,-717
493,133,-722
471,122,-751
468,117,-753
443,110,-786
421,126,-776
415,112,-803
392,117,-801
380,120,-793
355,156,-815
352,171,-796
335,181,-812
316,156,-820
286,166,-840
286,176,-860
231,171,-877
243,202,-857
221,200,-857
210,192,-872
205,202,-860
233,187,-875
231,197,-872
231,205,-865
226,205,-865
248,207,-857
238,212,-870
231,227,-860
241,232,-842
256,232,-832
266,202,-852
281,212,-850
288,207,-830
313,222,-822
313,210,-812
316,205,-815
337,195,-835
350,190,-801
357,176,-806
380,187,-791
370,176,-806
372,176,-806
355,156,-812
395,192,-806
377,186,-791
385,176,-801
395,171,-781
387,143,-817
345,115,-798
350,100,-791
345,56,-817
355,41,-845
352,16,-803
360,33,-801
360,33,-783
362,23,-793
380,18,-788
410,1,-763
441,-6,-748
428,-26,-753
443,-36,-748
441,-48,-753
433,-100,-743
436,-120,-761
443,-151,-743
441,-181,-717
453,-197,-722
461,-200,-710
463,-250,-695
441,-303,-662
426,-352,-650
415,-372,-680
407,-401,-657
382,-418,-675
350,-460,-675
340,-447,-672
320,-457,-685
288,-470,-707
253,-482,-727
213,-503,-753
190,-490,-758
165,-513,-768
137,-523,-773
122,-497,-781
103,-485,-827
86,-472,-822
66,-495,-806
18,-521,-796
3,-526,-825
-51,-563,-837
-58,-508,-842
-81,-506,-867
-98,-501,-845
-107,-518,-852
-122,-556,-842
-115,-572,-820
-137,-548,-840
-107,-536,-842
-140,-533,-852
-165,-541,-855
-195,-548,-890
-200,-506,-870
-205,-490,-882
-218,-495,-898
-253,-521,-896
-231,-533,-865
-221,-523,-862
-233,-531,-875
-216,-516,-890
-205,-487,-903
-231,-492,-911
-241,-480,-906
-238,-457,-901
-236,-460,-913
-238,-455,-918
-236,-460,-913
-266,-440,-936
-261,-426,-936
-291,-403,-946
-301,-381,-963
-311,-381,-975
-306,-370,-975
-298,-375,-975
-308,-337,-958
-330,-335,-956
-313,-286,-992
-327,-253,-995
-355,-215,-1017
-332,-168,-1002
-355,-143,-1005
-385,-141,-1000
-372,-105,-1017
-417,-87,-1037
-431,-48,-1037
-438,1,-1035
,,
-453,46,-1032
-458,87,-1020
-488,133,-1022
-473,197,-1010
-461,291,-1002
-438,411,-1007
-428,472,-982
-436,570,-971
-456,643,-928
-412,781,-842
-436,865,-825
-417,901,-822
-443,901,-812
-446,918,-786
-438,972,-753
-446,987,-715
-473,1048,-652
-466,1063,-646
-486,1070,-631
-471,1115,-588
-478,1117,-583
-498,1117,-565
-506,1138,-550
-537,1151,-530
-557,1141,-512
-552,1171,-473
-567,1191,-463
-570,1227,-428
-602,1217,-390
-610,1212,-375
-625,1225,-350
-643,1247,-321
-653,1268,-288
-686,1242,-278
-701,1258,-215
-718,1255,-185
-703,1281,-153
-698,1281,-138
-678,1317,-108
-711,1296,-118
-706,1313,-50
-708,1301,-52
-723,1308,-35
-728,1320,-2
-736,1330,0
-733,1311,10
-721,1317,12
-733,1320,12
-731,1330,12
-752,1291,-12
-728,1306,-15
-726,1303,-2
-698,1303,-12
-718,1298,-32
-726,1301,-20
-693,1327,-17
-698,1308,-10
-723,1306,-15
-723,1306,-22
-713,1322,-10
-750,1291,-27
-740,1303,-27
-728,1301,-20
-731,1313,-22
-733,1337,-20
-733,1332,-5
-742,1283,-47
-726,1298,-10
-736,1288,-50
-736,1322,-2
-716,1308,-22
-736,1291,-30
-721,1303,-25
-747,1296,-27
-733,1298,-25
-733,1301,-30
-723,1317,-22
-736,1301,-25
-711,1291,-27
-728,1303,-37
-726,1301,-27
-718,1320,-35
-733,1301,-57
-721,1293,-77
-733,1288,-108
-752,1298,-126
-742,1255,-195
-760,1195,-256
-762,1173,-306
-767,1128,-350
-795,1115,-400
-787,1097,-413
-795,1046,-495
-792,1033,-500
-785,982,-540
-795,955,-586
-790,928,-626
-762,901,-670
-728,860,-692
-723,786,-751
-688,753,-806
-668,707,-842
-632,641,-898
-605,572,-908
-592,485,-928
-600,411,-948
-582,381,-963
-580,283,-1007
-570,247,-997
-537,192,-987
-535,146,-995
-508,92,-1007
-488,53,-1010
-476,0,-1012
-433,-46,-1000
-436,-87,-992
-410,-151,-1007
-407,-183,-1005
-420,-220,-1000
-415,-291,-975
-426,-317,-956
-385,-381,-943
-362,-426,-941
-322,-506,-862
-308,-577,-830
-278,-627,-763
-291,-705,-725
-313,-763,-722
-313,-825,-621
-283,-840,-555
-303,-906,-527
-286,-941,-481
-298,-995,-397
-308,-1016,-340
-303,-1048,-303
-281,-1051,-240
-317,-1095,-205
-322,-1092,-133
-325,-1125,-86
-298,-1125,-60
-337,-1110,-30
-327,-1120,10
-335,-1133,75
-332,-1133,103
-340,-1131,158
-322,-1097,253
-367,-1122,248
-340,-1095,278
-357,-1112,321
-397,-1122,335
-407,-1095,402
-415,-1058,458
-436,-1061,495
-451,-1043,537
-453,-1026,562
-481,-1033,576
-496,-1006,618
-530,-1003,636
-545,-980,660
-572,-967,690
-600,-945,722
-607,-896,756
-605,-886,746
-620,-881,738
-632,-901,753
-610,-857,781
-648,-906,741
-646,-870,768
-651,-857,786
-681,-845,803
-686,-837,815
-698,-840,832
-726,-815,840
-713,-783,857
-721,-776,860
-696,-758,896
-716,-796,890
-703,-758,898
-681,-735,923
-688,-720,933
-661,-720,961
-636,-661,1005
-651,-631,1027
-643,-627,1030
-617,-600,1047
-610,-605,1058
-592,-600,1083
-587,-570,1088
-585,-546,1103
-560,-526,1113
-565,-513,1121
-545,-516,1145
-537,-500,1172
-508,-465,1167
-508,-433,1190
-488,-431,1195
-478,-418,1207
-483,-411,1226
-476,-386,1236
-466,-357,1226
-446,-347,1241
-441,-357,1246
-436,-342,1241
-451,-315,1243
-415,-298,1241
-410,-308,1243
-420,-301,1258
-392,-296,1268
-407,-298,1251
-395,-276,1283
-385,-261,1271
-387,-268,1276
-385,-268,1283
-370,-271,1296
-370,-258,1276
-365,-266,1276
-397,-253,1293
-365,-261,1283
-372,-245,1293
-377,-240,1283
-380,-237,1276
-375,-250,1278
-375,-273,1276
-392,-256,1276
-400,-271,1271
-390,-266,1263
-390,-256,1266
-392,-273,1273
-382,-276,1273
-395,-278,1258
-372,-266,1276
-400,-258,1253
-397,-271,1271
-387,-281,1281
-395,-293,1288
-390,-288,1256
-377,-296,1271
-387,-288,1261
-380,-306,1283
-372,-278,1276
-397,-293,1261
-390,-313,1253
-387,-313,1246
-390,-352,1243
-390,-376,1226
-392,-406,1215
-392,-447,1205
-392,-480,1167
-392,-541,1147
-400,-587,1103
-385,-617,1103
-392,-615,1088
-410,-643,1056
-407,-695,1037
-407,-756,980
-415,-820,918
-415,-817,880
-402,-888,820
-385,-908,778
-390,-947,722
-407,-980,650
-423,-1011,598
-410,-1021,532
-421,-1067,446
-428,-1092,370
-421,-1097,311
-436,-1125,258
-397,-1110,222
-397,-1117,167
-397,-1127,60
-380,-1133,-30
-332,-1115,-55
-342,-1095,-131
-303,-1085,-210
-303,-1066,-271
-291,-1048,-308
-271,-1016,-360
-263,-990,-416
-241,-942,-466
-223,-913,-500
-211,-875,-571
-182,-827,-636
-167,-766,-682
-172,-722,-712
-175,-688,-748
-167,-646,-778
-157,-605,-825
-152,-556,-857
-140,-508,-877
-135,-462,-870
-125,-431,-906
-103,-381,-916
-137,-378,-971
-112,-340,-946
-125,-313,-931
-120,-291,-961
-127,-253,-982
-142,-212,-975
-137,-166,-975
-112,-126,-987
-125,-80,-995
-130,-43,-1020
-105,26,-992
,,
-140,80,-1030
-145,112,-1020
-147,173,-1020
-155,227,-1030
-155,281,-1027
-157,340,-1020
-157,401,-985
-167,428,-987
-175,495,-980
-180,556,-975
-172,580,-946
-175,627,-916
-147,656,-901
-147,710,-913
-152,752,-887
-150,781,-850
-155,817,-835
-167,840,-806
-170,883,-776
-182,916,-763
-167,947,-738
-185,980,-720
-197,982,-702
-210,1008,-685
-231,1028,-680
-253,1048,-655
-288,1056,-650
-311,1077,-616
-335,1090,-603
-377,1105,-598
-407,1125,-598
-421,1133,-545
-431,1112,-535
-433,1127,-522
-476,1146,-500
-491,1133,-502
-481,1148,-495
-493,1168,-466
-506,1171,-448
-506,1188,-451
-523,1186,-431
-532,1191,-400
-560,1235,-397
-550,1207,-380
-565,1215,-357
-575,1242,-318
-587,1261,-301
-582,1271,-293
-585,1250,-258
-577,1245,-240
-570,1276,-235
-597,1286,-235
-572,1281,-230
-587,1273,-232
-592,1266,-220
-592,1283,-205
-610,1278,-182
-615,1276,-197
-595,1316,-151
-597,1308,-158
-587,1313,-138
-587,1316,-128
-590,1330,-108
-585,1335,-101
-562,1325,-96
-562,1342,-91
-575,1322,-93
-580,1357,-86
-610,1301,-88
-577,1327,-75
-585,1308,-57
-572,1335,-50
-600,1317,-62
-580,1325,-45
-590,1322,-47
-592,1320,-60
-585,1325,-50
-587,1325,-45
-585,1357,-37
-592,1350,-40
-575,1335,-50
-567,1330,-47
-577,1327,-42
-580,1337,-27
-590,1357,-40
-572,1335,-42
-575,1327,-47
-572,1327,-42
-555,1355,-35
-582,1330,-88
-585,1316,-106
-567,1316,-113
-587,1278,-190
-585,1263,-256
-590,1237,-325
-562,1195,-365
-567,1163,-426
-555,1156,-466
-552,1095,-527
-521,1067,-576
-518,1013,-646
-481,975,-670
-453,936,-707
-443,901,-751
-410,891,-781
-385,872,-803
-340,791,-796
-325,768,-837
-303,756,-855
-316,720,-885
-276,686,-890
-263,653,-898
-241,605,-933
-238,575,-933
-223,533,-946
-213,480,-982
-187,465,-953
-190,431,-987
-162,370,-992
-165,332,-987
-145,320,-990
-147,271,-997
-142,207,-1017
-107,187,-1000
-71,161,-997
,,
-28,158,-997
,,
-11,117,-987
,,
16,95,-968
,,
,,
38,61,-968
,,
,,
71,13,-982
,,
,,
83,0,-990
,,
,,
152,3,-928
,,
,,
180,-16,-926
,,
200,-56,-898
,,
248,-56,-882
,,
283,-75,-877
,,
306,-77,-847
,,
335,-117,-852
380,-117,-815
410,-133,-781
438,-141,-763
446,-153,-743
466,-151,-746
481,-176,-733
511,-156,-707
521,-178,-682
535,-161,-685
535,-173,-662
572,-173,-660
600,-173,-616
607,-186,-616
632,-192,-578
656,-195,-550
678,-195,-527
698,-212,-492
731,-195,-431
740,-212,-418
770,-202,-387
792,-207,-352
800,-220,-301
817,-215,-271
822,-235,-243
840,-242,-200
868,-232,-187
846,-251,-123
848,-261,-108
873,-230,-57
896,-222,-50
863,-271,-40
898,-253,20
891,-247,65
901,-268,70
881,-273,101
881,-283,113
881,-308,151
866,-286,151
842,-313,167
863,-308,192
868,-293,192
886,-298,235
861,-298,248
871,-298,286
876,-293,296
876,-303,311
846,-308,357
840,-293,380
840,-283,390
827,-301,392
825,-306,397
830,-303,402
837,-293,416
825,-286,448
812,-291,461
800,-293,468
820,-291,476
840,-256,517
815,-288,500
782,-273,520
790,-283,547
790,-268,550
792,-293,573
785,-298,573
755,-268,603
770,-278,608
770,-283,608
790,-247,660
728,-278,646
726,-268,660
737,-256,657
728,-261,677
718,-256,657
726,-266,682
736,-261,675
721,-263,657
726,-273,672
742,-286,660
750,-276,655
737,-266,655
747,-266,665
747,-271,665
740,-288,650
740,-258,672
745,-258,685
718,-288,682
718,-281,677
733,-268,677
737,-263,675
726,-247,685
728,-276,672
718,-273,672
723,-266,675
718,-268,672
723,-278,670
721,-276,690
716,-258,687
733,-266,690
733,-276,677
745,-266,680
745,-247,727
723,-256,697
708,-256,700
736,-258,695
706,-273,677
706,-271,695
701,-263,695
726,-266,672
731,-268,672
731,-263,662
752,-251,680
736,-268,650
755,-263,646
760,-268,621
772,-271,593
795,-271,581
790,-276,550
787,-276,522
812,-278,502
825,-281,483
837,-276,418
853,-268,408
840,-266,380
863,-266,330
891,-278,283
901,-263,246
886,-261,202
871,-266,136
868,-281,52
868,-273,0
853,-273,-65
846,-258,-108
825,-276,-158
812,-273,-205
805,-278,-240
792,-271,-273
800,-273,-298
755,-288,-350
747,-268,-352
716,-276,-406
723,-251,-431
673,-278,-458
646,-276,-473
632,-293,-481
625,-301,-545
600,-301,-578
572,-320,-576
562,-308,-576
535,-327,-606
508,-327,-608
471,-335,-638
441,-357,-657
405,-360,-695
360,-367,-717
342,-362,-727
301,-372,-746
283,-365,-778
256,-347,-788
211,-375,-793
172,-381,-788
172,-388,-776
150,-403,-837
147,-388,-788
115,-401,-808
120,-362,-806
86,-381,-827
76,-376,-827
46,-367,-860
43,-375,-857
46,-360,-832
56,-372,-835
18,-347,-852
28,-332,-860
6,-313,-850
18,-313,-862
41,-311,-865
61,-283,-867
71,-253,-885
81,-222,-880
91,-291,-835
83,-330,-796
93,-357,-815
81,-360,-845
68,-352,-835
91,-322,-815
88,-327,-820
86,-313,-830
73,-315,-822
68,-303,-852
66,-306,-845
63,-301,-857
66,-286,-840
61,-271,-852
73,-253,-860
63,-245,-855
38,-256,-867
28,-268,-865
33,-281,-850
21,-278,-875
13,-253,-852
8,-247,-865
0,-256,-852
-6,-266,-872
-13,-283,-855
0,-293,-860
,,
0,-330,-830
,,
21,-283,-822
23,-303,-842
21,-298,-847
6,-306,-857
33,-276,-827
16,-276,-852
0,-273,-845
6,-273,-855
1,-286,-877
6,-283,-845
3,-261,-855
21,-268,-812
21,-276,-827
0,-271,-862
13,-247,-842
11,-276,-855
0,-286,-862
23,-273,-860
3,-273,-845
21,-276,-862
-8,-276,-867
1,-266,-840
8,-273,-857
1,-271,-855
13,-268,-857
-6,-283,-867
-1,-263,-855
3,-278,-860
1,-271,-852
13,-261,-865
0,-271,-847
16,-261,-822
13,-273,-835
3,-263,-837
0,-268,-867
1,-268,-845
11,-258,-845
6,-266,-837
13,-266,-857
6,-271,-857
18,-242,-842
18,-256,-840
21,-266,-847
0,-271,-862
21,-263,-847
33,-247,-837
-6,-286,-870
16,-276,-847
33,-256,-832
16,-268,-840
0,-263,-852
13,-278,-847
11,-261,-825
11,-256,-820
8,-273,-850
3,-273,-847
3,-251,-852
1,-268,-845
11,-266,-850
11,-273,-852
13,-266,-852
0,-268,-867
18,-242,-845
23,-250,-847
13,-273,-850
11,-268,-860
23,-256,-852
0,-283,-855
1,-281,-872
31,-256,-822
13,-266,-845
3,-268,-860
3,-263,-850
8,-273,-852
1,-256,-827
6,-271,-857
11,-271,-842
21,-266,-860
0,-263,-845
18,-258,-840
3,-273,-852
16,-273,-857
6,-261,-850
13,-268,-850
13,-283,-852
13,-281,-850
8,-273,-862
23,-256,-845
8,-258,-842
26,-278,-825
13,-263,-832
1,-268,-825
16,-276,-872
23,-261,-855
8,-266,-845
6,-286,-855
6,-266,-832
3,-271,-835
11,-273,-875
13,-271,-845
31,-250,-847
6,-271,-855
8,-276,-850
0,-288,-867
1,-283,-855
18,-278,-845
21,-263,-847
8,-301,-850
0,-283,-862
38,-247,-832
16,-276,-832
11,-263,-832
6,-273,-845
11,-268,-845
-3,-283,-865
18,-271,-847
13,-283,-847
13,-258,-847
16,-263,-855
18,-263,-857
13,-276,-857
8,-278,-862
16,-263,-857
16,-273,-850
3,-278,-865
8,-266,-862
11,-286,-822
3,-278,-832
21,-256,-835
28,-251,-840
3,-261,-847
18,-278,-837
6,-293,-850
6,-263,-852
13,-271,-857
-3,-283,-882
11,-273,-855
6,-283,-855
-1,-276,-852
1,-281,-855
13,-261,-835
11,-273,-842
0,-276,-852
18,-276,-857
13,-271,-855
-1,-286,-857
23,-266,-840
6,-266,-825
11,-276,-812
0,-276,-837
11,-281,-827
6,-268,-862
18,-271,-827
1,-271,-830
11,-258,-847
13,-273,-840
16,-266,-862
-6,-286,-870
0,-271,-867
8,-256,-867
6,-276,-852
0,-273,-862
-1,-276,-870
1,-258,-842
18,-273,-812
31,-271,-835
18,-276,-862
0,-276,-855
11,-268,-825
6,-283,-835
1,-271,-867
26,-276,-837
16,-276,-860
6,-283,-857
31,-250,-835
1,-273,-840
11,-273,-837
8,-281,-860
16,-268,-837
28,-281,-855
3,-273,-850
1,-268,-850
26,-278,-847
13,-273,-832
11,-266,-820
21,-266,-812
6,-278,-827
0,-276,-865
0,-266,-855
13,-281,-827
13,-266,-837
6,-286,-875
21,-271,-842
11,-288,-867
13,-276,-842
16,-271,-842
3,-263,-860
0,-288,-847
13,-258,-837
23,-263,-845
0,-281,-857
41,-263,-860
28,-258,-817
3,-266,-872
23,-258,-850
18,-276,-855
23,-273,-827
23,-266,-852
18,-263,-827
11,-253,-852
16,-263,-850
8,-278,-855
18,-268,-875
6,-271,-850
18,-278,-855
23,-276,-847
16,-253,-845
0,-283,-847
13,-271,-857
3,-286,-860
1,-288,-867
26,-268,-812
8,-271,-827
33,-271,-820
21,-263,-850
16,-268,-852
11,-261,-842
23,-271,-845
8,-263,-865
16,-268,-847
0,-271,-860
16,-245,-850
8,-273,-855
8,-268,-875
11,-271,-852
3,-268,-860
1,-266,-865
0,-303,-875
18,-261,-862
1,-261,-857
0,-263,-872
8,-268,-842
23,-276,-827
1,-263,-812
11,-268,-830
11,-263,-860
-11,-276,-870
23,-250,-832
1,-273,-837
1,-261,-865
0,-263,-852
6,-278,-865
13,-273,-842
0,-271,-855
0,-273,-852
3,-278,-857
-6,-296,-877
3,-268,-852
0,-281,-862
1,-263,-870
3,-273,-837
-3,-281,-875
3,-271,-845
-6,-278,-847
6,-276,-842
3,-283,-862
0,-283,-847
-21,-296,-885
6,-281,-840
,,
18,-276,-827
1,-291,-872
0,-286,-865
0,-291,-867
6,-268,-835
-6,-293,-852
-1,-283,-867
0,-288,-875
-1,-266,-850
1,-278,-872
6,-276,-835
0,-296,-832
-1,-268,-830
-16,-276,-870
-6,-291,-852
-3,-278,-855
3,-278,-832
-3,-273,-855
-3,-288,-850
8,-263,-855
23,-271,-847
0,-291,-852
-1,-276,-857
0,-276,-860
-3,-276,-857
-1,-286,-855
-1,-281,-860
0,-278,-862
-8,-281,-862
-23,-281,-862
13,-276,-822
0,-276,-832
1,-266,-847
6,-281,-842
3,-288,-842
1,-273,-845
6,-281,-835
0,-278,-847
0,-283,-865
0,-278,-862
6,-276,-880
21,-268,-870
3,-293,-872
1,-293,-857
-6,-271,-865
-3,-266,-870
-11,-273,-872
-8,-283,-882
1,-276,-842
0,-276,-847
-3,-278,-896
-3,-283,-875
-6,-268,-882
-1,-286,-880
-1,-266,-875
-6,-276,-896
-23,-263,-936
-11,-293,-913
0,-266,-928
,,
3,-291,-961
,,
1,-296,-966
,,
13,-293,-966
-13,-313,-995
31,-303,-980
11,-296,-990
11,-313,-980
1,-303,-980
16,-308,-946
23,-308,-938
33,-296,-946
8,-311,-956
0,-320,-968
21,-313,-953
13,-317,-963
1,-306,-946
-1,-330,-992
3,-313,-968
26,-293,-958
0,-303,-975
6,-306,-958
8,-315,-963
0,-320,-977
-1,-325,-975
-1,-320,-977
21,-315,-968
8,-320,-975
13,-301,-936
3,-313,-975
3,-313,-958
-3,-340,-961
13,-317,-941
1,-317,-963
3,-313,-963
8,-320,-971
13,-308,-936
-8,-335,-961
1,-322,-977
0,-327,-968
-13,-327,-997
0,-315,-966
,,
-16,-330,-971
-8,-322,-977
0,-320,-971
-1,-325,-975
-1,-298,-958
1,-313,-918
13,-317,-921
1,-330,-946
-6,-330,-968
8,-322,-975
-13,-327,-958
8,-303,-921
,,
3,-317,-956
,,
0,-317,-948
,,
0,-315,-956
,,
3,-325,-956
,,
-3,-320,-956
6,-320,-938
0,-313,-948
-18,-332,-963
3,-317,-936
,,
-6,-306,-961
0,-306,-951
-1,-306,-951
-3,-311,-961
-8,-313,-936
3,-315,-918
0,-308,-901
0,-301,-923
1,-311,-918
-8,-322,-953
3,-306,-921
-1,-320,-911
6,-301,-946
-8,-313,-926
-8,-308,-956
-8,-313,-946
0,-313,-931
23,-301,-931
-11,-311,-941
3,-298,-923
,,
-18,-301,-941
-11,-298,-918
3,-320,-896
,,
13,-293,-903
0,-303,-948
0,-298,-921
-3,-298,-918
0,-288,-887
-6,-311,-906
-11,-303,-903
-16,-296,-921
1,-283,-870
,,
0,-286,-875
,,
0,-281,-887
,,
-11,-283,-887
-13,-281,-870
-16,-298,-896
3,-281,-877
,,
-1,-281,-880
0,-278,-877
-3,-266,-875
18,-256,-845
3,-271,-825
18,-256,-817
1,-281,-832
-1,-278,-857
-8,-293,-850
-13,-303,-865
0,-263,-837
,,
-18,-291,-885
-3,-288,-852
0,-258,-870
-18,-286,-875
-3,-273,-850
-3,-281,-870
-21,-286,-870
-11,-281,-872
-18,-276,-872
-13,-278,-862
-1,-273,-865
-16,-296,-842
-26,-286,-880
-8,-286,-847
0,-288,-840
-1,-298,-845
-18,-288,-852
-8,-286,-852
-1,-288,-862
-3,-271,-857
-21,-283,-847
-3,-276,-885
0,-283,-860
-1,-296,-872
-11,-286,-862
-11,-288,-867
-8,-298,-875
-16,-296,-867
-13,-301,-882
-23,-283,-870
0,-288,-827
,,
0,-293,-830
,,
-8,-296,-830
-21,-301,-870
-1,-286,-857
-18,-298,-835
-18,-291,-847
-6,-303,-872
-3,-293,-855
-16,-283,-872
-8,-298,-855
-11,-291,-855
-13,-291,-855
-13,-291,-862
-26,-303,-882
-18,-298,-885
-13,-288,-885
0,-288,-857
,,
-8,-291,-875
0,-281,-867
-16,-296,-840
-8,-306,-840
-1,-283,-840
-23,-313,-852
-8,-291,-845
0,-271,-847
-1,-291,-842
-3,-296,-857
0,-291,-860
-6,-288,-852
-18,-317,-887
-6,-313,-875
-8,-283,-862
-18,-293,-852
-18,-293,-870
-16,-276,-857
-31,-311,-885
-11,-281,-855
0,-276,-815
,,
-6,-281,-840
-16,-288,-885
-38,-311,-880
-6,-291,-835
-8,-271,-835
-18,-298,-845
-13,-296,-852
-31,-288,-882
-16,-291,-855
0,-291,-865
,,
-16,-288,-875
-8,-283,-862
3,-283,-882
-1,-278,-865
-18,-298,-875
-8,-296,-867
-21,-288,-865
-18,-261,-885
-16,-293,-882
-6,-286,-840
1,-281,-827
0,-288,-850
-11,-288,-885
-23,-283,-865
-6,-283,-855
-16,-313,-870
6,-286,-865
,,
-6,-291,-857
-1,-276,-870
-3,-291,-842
-1,-291,-855
0,-293,-867
0,-283,-862
-13,-288,-857
-31,-303,-882
-11,-278,-872
0,-281,-865
,,
-8,-278,-857
1,-273,-860
-3,-273,-840
0,-291,-842
-1,-296,-840
0,-271,-842
-6,-288,-842
0,-288,-855
-13,-293,-850
8,-283,-845
,,
0,-286,-872
,,
-3,-286,-860
-3,-278,-877
0,-276,-872
-6,-281,-855
0,-276,-850
-8,-281,-865
-13,-273,-865
-3,-298,-880
-6,-291,-880
11,-288,-840
-1,-271,-832
-3,-281,-865
-6,-268,-867
-3,-278,-837
0,-276,-840
0,-281,-860
0,-291,-847
-26,-306,-862
0,-278,-850
,,
1,-278,-852
,,
-3,-293,-860
-11,-281,-865
-1,-271,-852
-3,-276,-850
-1,-293,-870
-13,-281,-865
-8,-288,-862
-23,-303,-885
1,-273,-825
,,
3,-278,-835
,,
6,-296,-835
,,
-3,-293,-852
-11,-288,-847
-3,-283,-880
21,-261,-825
0,-266,-840
-3,-283,-872
-6,-286,-862
0,-263,-860
-6,-303,-875
-1,-281,-860
-6,-276,-870
-8,-278,-862
-23,-276,-890
1,-286,-852
,,
-1,-283,-865
-6,-286,-865
-8,-281,-837
-21,-268,-887
-11,-291,-852
16,-256,-835
0,-283,-827
-13,-281,-862
0,-288,-845
,,
-28,-286,-880
-3,-273,-840
0,-266,-870
3,-281,-855
-3,-286,-850
3,-288,-850
-8,-278,-857
-3,-278,-865
-3,-296,-852
-8,-283,-865
0,-273,-855
-6,-273,-850
0,-286,-812
-6,-286,-822
1,-266,-837
0,-271,-862
0,-276,-847
0,-288,-855
-31,-301,-850
1,-278,-850
,,
-6,-281,-847
-8,-293,-857
-1,-271,-860
-8,-288,-862
-8,-288,-850
-6,-281,-852
-8,-291,-865
-8,-278,-850
0,-296,-855
-6,-266,-860
-11,-291,-865
-3,-283,-875
0,-276,-822
0,-296,-825
-6,-286,-812
-1,-291,-835
0,-286,-837
-11,-286,-865
-6,-293,-857
-1,-286,-847
0,-281,-860
-6,-286,-855
-18,-313,-887
-13,-293,-882
-6,-273,-850
0,-288,-862
-8,-278,-855
13,-278,-857
-1,-303,-847
0,-281,-855
0,-298,-830
-1,-281,-825
-3,-291,-857
0,-273,-842
0,-291,-845
11,-271,-825
0,-293,-852
-3,-288,-842
-16,-291,-870
0,-286,-830
,,
-18,-281,-842
-3,-293,-862
-6,-283,-850
-11,-281,-852
-8,-268,-857
1,-283,-857
-8,-288,-862
-3,-298,-867
-13,-291,-867
-3,-288,-845
0,-298,-825
16,-281,-827
-8,-296,-837
-8,-288,-875
-3,-283,-867
8,-281,-832
-11,-278,-850
-11,-283,-857
-13,-288,-862
-1,-276,-872
-16,-306,-885
-3,-281,-855
-6,-281,-845
-6,-288,-857
-3,-281,-867
0,-291,-850
1,-288,-862
1,-291,-870
3,-283,-840
-11,-283,-872
-16,-286,-845
3,-283,-827
,,
11,-288,-830
-6,-291,-840
-3,-283,-847
-3,-303,-865
-6,-306,-855
3,-283,-860
-6,-288,-867
-3,-286,-855
0,-278,-857
0,-291,-862
1,-298,-857
-18,-273,-860
-6,-283,-862
-13,-293,-872
-13,-296,-847
-1,-283,-855
13,-258,-812
0,-283,-830
-6,-296,-862
-3,-291,-845
0,-278,-845
6,-273,-825
-8,-296,-860
-6,-288,-847
-21,-306,-877
-16,-273,-852
0,-271,-840
,,
-1,-283,-862
-13,-288,-862
-8,-278,-860
-8,-271,-845
1,-273,-845
0,-291,-862
-3,-291,-857
-6,-296,-872
1,-271,-815
6,-281,-825
0,-283,-812
-11,-291,-835
-16,-286,-850
8,-266,-812
,,
-1,-296,-835
0,-286,-835
0,-306,-875
-6,-291,-850
-1,-261,-847
-16,-271,-867
0,-283,-835
,,
-1,-288,-847
-8,-288,-855
1,-266,-837
-18,-283,-865
3,-288,-857
,,
0,-293,-855
,,
-13,-308,-850
-33,-293,-890
3,-278,-857
